1Co 10.mp3;00:04:09.26;249.26
1Co 11.mp3;00:04:16.99;256.99
1Co 12.mp3;00:04:06.31;246.31
1Co 13.mp3;00:01:48.33;108.33
1Co 14.mp3;00:05:32.75;332.75
1Co 15.mp3;00:07:29.96;449.96
1Co 16.mp3;00:02:54.29;174.29
1Co 1.mp3;00:04:13.52;253.52
1Co 2.mp3;00:02:23.60;143.60
1Co 3.mp3;00:02:54.89;174.89
1Co 4.mp3;00:03:17.96;197.96
1Co 5.mp3;00:02:01.23;121.23
1Co 6.mp3;00:02:56.17;176.17
1Co 7.mp3;00:05:50.75;350.75
1Co 8.mp3;00:01:52.85;112.85
1Co 9.mp3;00:03:55.96;235.96
1Cr 10.mp3;00:02:27.20;147.20
1Cr 11.mp3;00:05:21.91;321.91
1Cr 12.mp3;00:06:13.00;373.00
1Cr 13.mp3;00:02:17.43;137.43
1Cr 14.mp3;00:02:19.89;139.89
1Cr 15.mp3;00:04:40.11;280.11
1Cr 16.mp3;00:05:52.31;352.31
1Cr 17.mp3;00:04:47.19;287.19
1Cr 18.mp3;00:02:57.45;177.45
1Cr 19.mp3;00:03:48.94;228.94
1Cr 1.mp3;00:06:10.13;370.13
1Cr 20.mp3;00:01:47.39;107.39
1Cr 21.mp3;00:05:31.05;331.05
1Cr 22.mp3;00:03:57.74;237.74
1Cr 23.mp3;00:04:42.98;282.98
1Cr 24.mp3;00:03:53.61;233.61
1Cr 25.mp3;00:04:03.67;243.67
1Cr 26.mp3;00:05:09.21;309.21
1Cr 27.mp3;00:05:31.39;331.39
1Cr 28.mp3;00:04:55.73;295.73
1Cr 29.mp3;00:06:13.21;373.21
1Cr 2.mp3;00:06:58.69;418.69
1Cr 3.mp3;00:03:11.90;191.90
1Cr 4.mp3;00:06:13.21;373.21
1Cr 5.mp3;00:04:37.97;277.97
1Cr 6.mp3;00:08:33.36;513.36
1Cr 7.mp3;00:06:03.05;363.05
1Cr 8.mp3;00:03:45.23;225.23
1Cr 9.mp3;00:06:42.86;402.86
1Jo 1.mp3;00:01:33.99;93.99
1Jo 2.mp3;00:04:23.68;263.68
1Jo 3.mp3;00:03:21.69;201.69
1Jo 4.mp3;00:02:55.15;175.15
1Jo 5.mp3;00:02:49.09;169.09
1Pe 1.mp3;00:04:10.17;250.17
1Pe 2.mp3;00:03:50.69;230.69
1Pe 3.mp3;00:03:33.45;213.45
1Pe 4.mp3;00:03:00.14;180.14
1Pe 5.mp3;00:02:12.31;132.31
1Rs 10.mp3;00:05:12.66;312.66
1Rs 11.mp3;00:08:02.14;482.14
1Rs 12.mp3;00:05:53.41;353.41
1Rs 13.mp3;00:05:48.84;348.84
1Rs 14.mp3;00:05:36.38;336.38
1Rs 15.mp3;00:05:08.77;308.77
1Rs 16.mp3;00:06:22.28;382.28
1Rs 17.mp3;00:03:57.27;237.27
1Rs 18.mp3;00:08:48.90;528.90
1Rs 19.mp3;00:04:37.21;277.21
1Rs 1.mp3;00:08:57.26;537.26
1Rs 20.mp3;00:09:17.82;557.82
1Rs 21.mp3;00:05:34.55;334.55
1Rs 22.mp3;00:10:06.59;606.59
1Rs 2.mp3;00:08:34.22;514.22
1Rs 3.mp3;00:04:48.47;288.47
1Rs 4.mp3;00:04:50.22;290.22
1Rs 5.mp3;00:03:03.69;183.69
1Rs 6.mp3;00:05:35.44;335.44
1Rs 7.mp3;00:08:30.30;510.30
1Rs 8.mp3;00:12:27.86;747.86
1Rs 9.mp3;00:04:48.21;288.21
1Sm 10.mp3;00:05:27.97;327.97
1Sm 11.mp3;00:03:15.03;195.03
1Sm 12.mp3;00:05:22.12;322.12
1Sm 13.mp3;00:04:48.21;288.21
1Sm 14.mp3;00:10:08.00;608.00
1Sm 15.mp3;00:06:40.12;400.12
1Sm 16.mp3;00:04:49.15;289.15
1Sm 17.mp3;00:10:42.46;642.46
1Sm 18.mp3;00:05:20.84;320.84
1Sm 19.mp3;00:04:50.64;290.64
1Sm 1.mp3;00:05:14.54;314.54
1Sm 20.mp3;00:06:45.86;405.86
1Sm 21.mp3;00:02:39.14;159.14
1Sm 22.mp3;00:04:27.26;267.26
1Sm 23.mp3;00:04:44.87;284.87
1Sm 24.mp3;00:03:41.15;221.15
1Sm 25.mp3;00:07:46.89;466.89
1Sm 26.mp3;00:04:45.88;285.88
1Sm 27.mp3;00:02:08.34;128.34
1Sm 28.mp3;00:04:30.42;270.42
1Sm 29.mp3;00:02:15.18;135.18
1Sm 2.mp3;00:07:39.18;459.18
1Sm 30.mp3;00:04:56.02;296.02
1Sm 31.mp3;00:02:14.40;134.40
1Sm 3.mp3;00:03:45.20;225.20
1Sm 4.mp3;00:04:44.03;284.03
1Sm 5.mp3;00:02:17.90;137.90
1Sm 6.mp3;00:04:15.48;255.48
1Sm 7.mp3;00:03:47.60;227.60
1Sm 8.mp3;00:03:31.96;211.96
1Sm 9.mp3;00:06:11.33;371.33
1Tm 1.mp3;00:03:00.14;180.14
1Tm 2.mp3;00:01:41.07;101.07
1Tm 3.mp3;00:01:58.57;118.57
1Tm 4.mp3;00:01:57.32;117.32
1Tm 5.mp3;00:03:19.18;199.18
1Tm 6.mp3;00:03:15.45;195.45
1Ts 1.mp3;00:01:44.36;104.36
1Ts 2.mp3;00:03:11.24;191.24
1Ts 3.mp3;00:01:50.99;110.99
1Ts 4.mp3;00:02:28.48;148.48
1Ts 5.mp3;00:02:43.92;163.92
2Co 10.mp3;00:02:50.50;170.50
2Co 11.mp3;00:04:32.69;272.69
2Co 12.mp3;00:03:34.52;214.52
2Co 13.mp3;00:02:05.96;125.96
2Co 1.mp3;00:03:46.04;226.04
2Co 2.mp3;00:02:16.96;136.96
2Co 3.mp3;00:02:31.09;151.09
2Co 4.mp3;00:02:40.00;160.00
2Co 5.mp3;00:03:13.96;193.96
2Co 6.mp3;00:02:27.41;147.41
2Co 7.mp3;00:02:55.23;175.23
2Co 8.mp3;00:03:42.59;222.59
2Co 9.mp3;00:02:42.14;162.14
2Cr 10.mp3;00:03:26.63;206.63
2Cr 11.mp3;00:03:25.69;205.69
2Cr 12.mp3;00:03:02.44;182.44
2Cr 13.mp3;00:04:12.53;252.53
2Cr 14.mp3;00:03:05.99;185.99
2Cr 15.mp3;00:03:20.23;200.23
2Cr 16.mp3;00:03:00.48;180.48
2Cr 17.mp3;00:02:54.76;174.76
2Cr 18.mp3;00:06:19.22;379.22
2Cr 19.mp3;00:02:30.13;150.13
2Cr 1.mp3;00:03:02.47;182.47
2Cr 20.mp3;00:07:13.58;433.58
2Cr 21.mp3;00:03:50.35;230.35
2Cr 22.mp3;00:02:42.85;162.85
2Cr 23.mp3;00:04:23.31;263.31
2Cr 24.mp3;00:05:36.98;336.98
2Cr 25.mp3;00:05:29.74;329.74
2Cr 26.mp3;00:04:33.66;273.66
2Cr 27.mp3;00:01:31.77;91.77
2Cr 28.mp3;00:05:16.00;316.00
2Cr 29.mp3;00:06:51.98;411.98
2Cr 2.mp3;00:03:53.04;233.04
2Cr 30.mp3;00:05:43.77;343.77
2Cr 31.mp3;00:04:44.32;284.32
2Cr 32.mp3;00:06:48.53;408.53
2Cr 33.mp3;00:04:39.51;279.51
2Cr 34.mp3;00:07:12.14;432.14
2Cr 35.mp3;00:05:46.15;346.15
2Cr 36.mp3;00:04:43.56;283.56
2Cr 3.mp3;00:02:37.18;157.18
2Cr 4.mp3;00:03:35.98;215.98
2Cr 5.mp3;00:02:47.71;167.71
2Cr 6.mp3;00:08:17.40;497.40
2Cr 7.mp3;00:04:29.35;269.35
2Cr 8.mp3;00:03:16.36;196.36
2Cr 9.mp3;00:05:27.55;327.55
2Jo 1.mp3;00:01:57.81;117.81
2Pe 1.mp3;00:03:23.57;203.57
2Pe 2.mp3;00:03:59.12;239.12
2Pe 3.mp3;00:03:09.52;189.52
2Rs 10.mp3;00:07:52.53;472.53
2Rs 11.mp3;00:04:31.78;271.78
2Rs 12.mp3;00:04:18.95;258.95
2Rs 13.mp3;00:05:17.23;317.23
2Rs 14.mp3;00:05:40.14;340.14
2Rs 15.mp3;00:06:49.13;409.13
2Rs 16.mp3;00:03:58.34;238.34
2Rs 17.mp3;00:08:04.62;484.62
2Rs 18.mp3;00:07:30.80;450.80
2Rs 19.mp3;00:07:08.93;428.93
2Rs 1.mp3;00:03:41.44;221.44
2Rs 20.mp3;00:04:10.75;250.75
2Rs 21.mp3;00:04:53.46;293.46
2Rs 22.mp3;00:04:07.88;247.88
2Rs 23.mp3;00:08:50.57;530.57
2Rs 24.mp3;00:03:44.13;224.13
2Rs 25.mp3;00:05:31.86;331.86
2Rs 2.mp3;00:05:11.35;311.35
2Rs 3.mp3;00:05:19.53;319.53
2Rs 4.mp3;00:08:08.65;488.65
2Rs 5.mp3;00:06:08.12;368.12
2Rs 6.mp3;00:06:14.94;374.94
2Rs 7.mp3;00:05:09.11;309.11
2Rs 8.mp3;00:06:26.40;386.40
2Rs 9.mp3;00:08:01.75;481.75
2Sm 10.mp3;00:03:42.20;222.20
2Sm 11.mp3;00:04:34.21;274.21
2Sm 12.mp3;00:05:37.79;337.79
2Sm 13.mp3;00:06:53.78;413.78
2Sm 14.mp3;00:05:50.17;350.17
2Sm 15.mp3;00:06:20.19;380.19
2Sm 16.mp3;00:04:22.24;262.24
2Sm 17.mp3;00:05:20.21;320.21
2Sm 18.mp3;00:06:23.14;383.14
2Sm 19.mp3;00:07:45.21;465.21
2Sm 1.mp3;00:04:06.23;246.23
2Sm 20.mp3;00:04:40.19;280.19
2Sm 21.mp3;00:04:28.20;268.20
2Sm 22.mp3;00:05:32.20;332.20
2Sm 23.mp3;00:05:34.18;334.18
2Sm 24.mp3;00:04:44.21;284.21
2Sm 2.mp3;00:05:00.54;300.54
2Sm 3.mp3;00:06:53.18;413.18
2Sm 4.mp3;00:02:36.84;156.84
2Sm 5.mp3;00:04:06.23;246.23
2Sm 6.mp3;00:04:06.23;246.23
2Sm 7.mp3;00:05:16.42;316.42
2Sm 8.mp3;00:03:03.17;183.17
2Sm 9.mp3;00:02:26.21;146.21
2Tm 1.mp3;00:02:36.24;156.24
2Tm 2.mp3;00:03:27.49;207.49
2Tm 3.mp3;00:02:18.55;138.55
2Tm 4.mp3;00:02:45.54;165.54
2Ts 1.mp3;00:01:55.41;115.41
2Ts 2.mp3;00:02:29.24;149.24
2Ts 3.mp3;00:02:14.69;134.69
3Jo 1.mp3;00:02:02.31;122.31
Ag 1.mp3;00:03:01.92;181.92
Ag 2.mp3;00:04:30.65;270.65
Am 1.mp3;00:02:54.63;174.63
Am 2.mp3;00:02:44.28;164.28
Am 3.mp3;00:02:28.82;148.82
Am 4.mp3;00:03:00.85;180.85
Am 5.mp3;00:04:22.74;262.74
Am 6.mp3;00:02:36.97;156.97
Am 7.mp3;00:03:09.05;189.05
Am 8.mp3;00:02:35.69;155.69
Am 9.mp3;00:03:12.29;192.29
Ap 10.mp3;00:01:59.51;119.51
Ap 11.mp3;00:03:32.38;212.38
Ap 12.mp3;00:03:01.66;181.66
Ap 13.mp3;00:03:04.32;184.32
Ap 14.mp3;00:03:44.65;224.65
Ap 15.mp3;00:01:38.82;98.82
Ap 16.mp3;00:03:31.04;211.04
Ap 17.mp3;00:03:17.38;197.38
Ap 18.mp3;00:04:42.67;282.67
Ap 19.mp3;00:03:41.99;221.99
Ap 1.mp3;00:03:20.23;200.23
Ap 20.mp3;00:02:47.34;167.34
Ap 21.mp3;00:04:24.59;264.59
Ap 22.mp3;00:03:20.54;200.54
Ap 2.mp3;00:05:07.41;307.41
Ap 3.mp3;00:03:53.56;233.56
Ap 4.mp3;00:02:19.00;139.00
Ap 5.mp3;00:02:41.70;161.70
Ap 6.mp3;00:03:00.27;180.27
Ap 7.mp3;00:02:48.15;168.15
Ap 8.mp3;00:02:20.07;140.07
Ap 9.mp3;00:03:25.19;205.19
At 10.mp3;00:06:57.36;417.36
At 11.mp3;00:04:29.19;269.19
At 12.mp3;00:04:23.18;263.18
At 13.mp3;00:08:17.74;497.74
At 14.mp3;00:04:33.24;273.24
At 15.mp3;00:06:30.90;390.90
At 16.mp3;00:06:44.51;404.51
At 17.mp3;00:06:24.55;384.55
At 18.mp3;00:04:48.50;288.50
At 19.mp3;00:07:21.89;441.89
At 1.mp3;00:04:42.57;282.57
At 20.mp3;00:06:12.61;372.61
At 21.mp3;00:07:21.39;441.39
At 22.mp3;00:05:16.89;316.89
At 23.mp3;00:06:20.63;380.63
At 24.mp3;00:04:50.25;290.25
At 25.mp3;00:05:14.25;314.25
At 26.mp3;00:05:44.03;344.03
At 27.mp3;00:07:39.36;459.36
At 28.mp3;00:06:00.99;360.99
At 2.mp3;00:07:00.08;420.08
At 3.mp3;00:04:17.38;257.38
At 4.mp3;00:05:50.28;350.28
At 5.mp3;00:07:03.94;423.94
At 6.mp3;00:02:36.45;156.45
At 7.mp3;00:09:51.54;591.54
At 8.mp3;00:06:04.90;364.90
At 9.mp3;00:06:38.84;398.84
Cl 1.mp3;00:04:02.39;242.39
Cl 2.mp3;00:03:31.07;211.07
Cl 3.mp3;00:03:15.71;195.71
Cl 4.mp3;00:02:34.28;154.28
Ct 1.mp3;00:02:36.42;156.42
Ct 2.mp3;00:02:36.24;156.24
Ct 3.mp3;00:02:04.16;124.16
Ct 4.mp3;00:02:54.08;174.08
Ct 5.mp3;00:03:04.45;184.45
Ct 6.mp3;00:02:02.75;122.75
Ct 7.mp3;00:02:05.20;125.20
Ct 8.mp3;00:02:42.19;162.19
Dn 10.mp3;00:03:55.55;235.55
Dn 11.mp3;00:09:25.73;565.73
Dn 12.mp3;00:02:44.60;164.60
Dn 1.mp3;00:03:54.45;234.45
Dn 2.mp3;00:09:41.77;581.77
Dn 3.mp3;00:06:33.27;393.27
Dn 4.mp3;00:08:19.41;499.41
Dn 5.mp3;00:06:36.17;396.17
Dn 6.mp3;00:05:49.26;349.26
Dn 7.mp3;00:06:01.74;361.74
Dn 8.mp3;00:05:16.45;316.45
Dn 9.mp3;00:06:20.03;380.03
Dt 10.mp3;00:03:31.25;211.25
Dt 11.mp3;00:05:13.21;313.21
Dt 12.mp3;00:06:02.66;362.66
Dt 13.mp3;00:03:11.79;191.79
Dt 14.mp3;00:03:51.94;231.94
Dt 15.mp3;00:03:56.88;236.88
Dt 16.mp3;00:04:00.98;240.98
Dt 17.mp3;00:03:44.55;224.55
Dt 18.mp3;00:03:25.24;205.24
Dt 19.mp3;00:03:24.07;204.07
Dt 1.mp3;00:06:59.11;419.11
Dt 20.mp3;00:03:15.24;195.24
Dt 21.mp3;00:03:41.28;221.28
Dt 22.mp3;00:04:19.03;259.03
Dt 23.mp3;00:03:33.76;213.76
Dt 24.mp3;00:03:35.43;215.43
Dt 25.mp3;00:02:54.55;174.55
Dt 26.mp3;00:03:49.20;229.20
Dt 27.mp3;00:03:29.53;209.53
Dt 28.mp3;00:11:13.62;673.62
Dt 29.mp3;00:04:55.47;295.47
Dt 2.mp3;00:06:00.78;360.78
Dt 30.mp3;00:03:49.43;229.43
Dt 31.mp3;00:05:42.99;342.99
Dt 32.mp3;00:07:52.19;472.19
Dt 33.mp3;00:05:01.58;301.58
Dt 34.mp3;00:02:05.65;125.65
Dt 3.mp3;00:05:17.99;317.99
Dt 4.mp3;00:08:29.65;509.65
Dt 5.mp3;00:05:22.90;322.90
Dt 6.mp3;00:03:56.98;236.98
Dt 7.mp3;00:05:02.50;302.50
Dt 8.mp3;00:03:19.55;199.55
Dt 9.mp3;00:05:22.38;322.38
Ec 10.mp3;00:02:49.43;169.43
Ec 11.mp3;00:01:57.76;117.76
Ec 12.mp3;00:02:41.70;161.70
Ec 1.mp3;00:02:37.75;157.75
Ec 2.mp3;00:04:55.68;295.68
Ec 3.mp3;00:03:19.39;199.39
Ec 4.mp3;00:02:49.90;169.90
Ec 5.mp3;00:03:49.49;229.49
Ec 6.mp3;00:02:09.44;129.44
Ec 7.mp3;00:04:28.67;268.67
Ec 8.mp3;00:03:31.75;211.75
Ec 9.mp3;00:03:52.62;232.62
Ed 10.mp3;00:06:57.54;417.54
Ed 1.mp3;00:02:19.13;139.13
Ed 2.mp3;00:05:35.49;335.49
Ed 3.mp3;00:03:28.04;208.04
Ed 4.mp3;00:04:50.09;290.09
Ed 5.mp3;00:03:35.28;215.28
Ed 6.mp3;00:04:57.04;297.04
Ed 7.mp3;00:05:03.46;303.46
Ed 8.mp3;00:06:15.69;375.69
Ed 9.mp3;00:04:04.77;244.77
Ef 1.mp3;00:03:06.04;186.04
Ef 2.mp3;00:02:47.24;167.24
Ef 3.mp3;00:02:38.88;158.88
Ef 4.mp3;00:03:58.37;238.37
Ef 5.mp3;00:03:36.71;216.71
Ef 6.mp3;00:02:52.43;172.43
Et 10.mp3;00:00:39.76;39.76
Et 1.mp3;00:04:21.17;261.17
Et 2.mp3;00:04:58.21;298.21
Et 3.mp3;00:03:32.82;212.82
Et 4.mp3;00:03:15.03;195.03
Et 5.mp3;00:02:49.64;169.64
Et 6.mp3;00:02:58.49;178.49
Et 7.mp3;00:02:25.58;145.58
Et 8.mp3;00:03:58.16;238.16
Et 9.mp3;00:06:12.82;372.82
Ex 10.mp3;00:05:10.28;310.28
Ex 11.mp3;00:01:43.60;103.60
Ex 12.mp3;00:07:40.80;460.80
Ex 13.mp3;00:03:29.84;209.84
Ex 14.mp3;00:05:05.87;305.87
Ex 15.mp3;00:04:05.97;245.97
Ex 16.mp3;00:05:36.17;336.17
Ex 17.mp3;00:02:44.70;164.70
Ex 18.mp3;00:04:20.36;260.36
Ex 19.mp3;00:03:50.35;230.35
Ex 1.mp3;00:02:48.41;168.41
Ex 20.mp3;00:03:15.71;195.71
Ex 21.mp3;00:04:51.08;291.08
Ex 22.mp3;00:04:27.00;267.00
Ex 23.mp3;00:04:52.65;292.65
Ex 24.mp3;00:02:37.26;157.26
Ex 25.mp3;00:04:34.26;274.26
Ex 26.mp3;00:04:42.88;282.88
Ex 27.mp3;00:03:08.11;188.11
Ex 28.mp3;00:05:53.96;353.96
Ex 29.mp3;00:06:21.44;381.44
Ex 2.mp3;00:03:27.44;207.44
Ex 30.mp3;00:05:08.56;308.56
Ex 31.mp3;00:02:28.09;148.09
Ex 32.mp3;00:05:32.36;332.36
Ex 33.mp3;00:03:47.34;227.34
Ex 34.mp3;00:05:36.17;336.17
Ex 35.mp3;00:04:39.12;279.12
Ex 36.mp3;00:04:56.36;296.36
Ex 37.mp3;00:03:27.75;207.75
Ex 38.mp3;00:04:29.64;269.64
Ex 39.mp3;00:05:40.14;340.14
Ex 3.mp3;00:04:12.37;252.37
Ex 40.mp3;00:04:02.83;242.83
Ex 4.mp3;00:04:36.82;276.82
Ex 5.mp3;00:03:32.69;212.69
Ex 6.mp3;00:04:11.01;251.01
Ex 7.mp3;00:03:52.91;232.91
Ex 8.mp3;00:05:22.48;322.48
Ex 9.mp3;00:05:26.03;326.03
Ez 10.mp3;00:03:50.06;230.06
Ez 11.mp3;00:04:36.35;276.35
Ez 12.mp3;00:05:00.02;300.02
Ez 13.mp3;00:04:49.25;289.25
Ez 14.mp3;00:05:02.08;302.08
Ez 15.mp3;00:01:18.89;78.89
Ez 16.mp3;00:12:41.26;761.26
Ez 17.mp3;00:05:11.88;311.88
Ez 18.mp3;00:06:10.10;370.10
Ez 19.mp3;00:02:27.07;147.07
Ez 1.mp3;00:05:02.71;302.71
Ez 20.mp3;00:10:25.50;625.50
Ez 21.mp3;00:06:23.06;383.06
Ez 22.mp3;00:05:36.33;336.33
Ez 23.mp3;00:09:09.49;549.49
Ez 24.mp3;00:05:03.78;303.78
Ez 25.mp3;00:03:23.31;203.31
Ez 26.mp3;00:04:33.66;273.66
Ez 27.mp3;00:06:11.67;371.67
Ez 28.mp3;00:05:15.69;315.69
Ez 29.mp3;00:04:37.16;277.16
Ez 2.mp3;00:01:40.44;100.44
Ez 30.mp3;00:04:48.94;288.94
Ez 31.mp3;00:04:17.10;257.10
Ez 32.mp3;00:06:57.75;417.75
Ez 33.mp3;00:07:01.80;421.80
Ez 34.mp3;00:06:16.16;376.16
Ez 35.mp3;00:02:41.62;161.62
Ez 36.mp3;00:08:06.01;486.01
Ez 37.mp3;00:05:37.84;337.84
Ez 38.mp3;00:05:03.36;303.36
Ez 39.mp3;00:05:59.05;359.05
Ez 3.mp3;00:04:51.19;291.19
Ez 40.mp3;00:10:04.16;604.16
Ez 41.mp3;00:05:27.16;327.16
Ez 42.mp3;00:03:45.15;225.15
Ez 43.mp3;00:05:34.08;334.08
Ez 44.mp3;00:06:38.68;398.68
Ez 45.mp3;00:05:49.57;349.57
Ez 46.mp3;00:05:30.32;330.32
Ez 47.mp3;00:04:42.49;282.49
Ez 48.mp3;00:07:08.33;428.33
Ez 4.mp3;00:03:19.42;199.42
Ez 5.mp3;00:03:58.60;238.60
Ez 6.mp3;00:03:09.20;189.20
Ez 7.mp3;00:05:09.37;309.37
Ez 8.mp3;00:03:55.34;235.34
Ez 9.mp3;00:02:26.99;146.99
Fm 1.mp3;00:02:53.48;173.48
Fp 1.mp3;00:03:56.41;236.41
Fp 2.mp3;00:03:37.47;217.47
Fp 3.mp3;00:03:02.88;182.88
Fp 4.mp3;00:03:12.34;192.34
Gl 1.mp3;00:02:56.20;176.20
Gl 2.mp3;00:03:14.80;194.80
Gl 3.mp3;00:03:58.50;238.50
Gl 4.mp3;00:03:50.16;230.16
Gl 5.mp3;00:02:59.91;179.91
Gl 6.mp3;00:02:13.09;133.09
Gn 10.mp3;00:03:25.35;205.35
Gn 11.mp3;00:03:23.57;203.57
Gn 12.mp3;00:02:49.17;169.17
Gn 13.mp3;00:02:28.53;148.53
Gn 14.mp3;00:03:43.63;223.63
Gn 15.mp3;00:02:46.48;166.48
Gn 16.mp3;00:02:20.15;140.15
Gn 17.mp3;00:03:56.54;236.54
Gn 18.mp3;00:04:49.10;289.10
Gn 19.mp3;00:05:44.42;344.42
Gn 1.mp3;00:04:24.62;264.62
Gn 20.mp3;00:02:49.72;169.72
Gn 21.mp3;00:04:07.51;247.51
Gn 22.mp3;00:03:26.76;206.76
Gn 23.mp3;00:02:43.00;163.00
Gn 24.mp3;00:09:35.06;575.06
Gn 25.mp3;00:04:20.52;260.52
Gn 26.mp3;00:04:57.30;297.30
Gn 27.mp3;00:06:30.79;390.79
Gn 28.mp3;00:03:19.08;199.08
Gn 29.mp3;00:04:46.67;286.67
Gn 2.mp3;00:03:16.78;196.78
Gn 30.mp3;00:06:04.75;364.75
Gn 31.mp3;00:07:51.38;471.38
Gn 32.mp3;00:04:35.85;275.85
Gn 33.mp3;00:02:54.52;174.52
Gn 34.mp3;00:04:33.61;273.61
Gn 35.mp3;00:03:49.20;229.20
Gn 36.mp3;00:05:14.75;314.75
Gn 37.mp3;00:05:02.21;302.21
Gn 38.mp3;00:04:27.60;267.60
Gn 39.mp3;00:03:09.57;189.57
Gn 3.mp3;00:03:41.70;221.70
Gn 40.mp3;00:02:58.55;178.55
Gn 41.mp3;00:07:39.47;459.47
Gn 42.mp3;00:05:43.51;343.51
Gn 43.mp3;00:05:28.57;328.57
Gn 44.mp3;00:04:53.49;293.49
Gn 45.mp3;00:04:06.31;246.31
Gn 46.mp3;00:04:38.18;278.18
Gn 47.mp3;00:05:17.68;317.68
Gn 48.mp3;00:03:50.71;230.71
Gn 49.mp3;00:04:40.63;280.63
Gn 4.mp3;00:03:36.11;216.11
Gn 50.mp3;00:04:05.03;245.03
Gn 5.mp3;00:02:42.43;162.43
Gn 6.mp3;00:03:03.75;183.75
Gn 7.mp3;00:03:05.08;185.08
Gn 8.mp3;00:03:05.94;185.94
Gn 9.mp3;00:03:30.73;210.73
Hb 10.mp3;00:05:13.97;313.97
Hb 11.mp3;00:06:04.36;364.36
Hb 12.mp3;00:04:33.87;273.87
Hb 13.mp3;00:03:28.25;208.25
Hb 1.mp3;00:02:01.99;121.99
Hb 2.mp3;00:02:45.20;165.20
Hb 3.mp3;00:02:25.45;145.45
Hb 4.mp3;00:02:46.06;166.06
Hb 5.mp3;00:02:00.58;120.58
Hb 6.mp3;00:02:51.68;171.68
Hb 7.mp3;00:03:59.02;239.02
Hb 8.mp3;00:02:15.71;135.71
Hb 9.mp3;00:04:39.59;279.59
Hc 1.mp3;00:03:14.85;194.85
Hc 2.mp3;00:03:55.34;235.34
Hc 3.mp3;00:03:26.55;206.55
Is 10.mp3;00:06:08.88;368.88
Is 11.mp3;00:03:08.32;188.32
Is 12.mp3;00:01:02.69;62.69
Is 13.mp3;00:03:47.40;227.40
Is 14.mp3;00:05:46.72;346.72
Is 15.mp3;00:01:54.13;114.13
Is 16.mp3;00:02:53.95;173.95
Is 17.mp3;00:02:47.34;167.34
Is 18.mp3;00:01:49.48;109.48
Is 19.mp3;00:04:49.91;289.91
Is 1.mp3;00:05:38.47;338.47
Is 20.mp3;00:01:19.10;79.10
Is 21.mp3;00:03:08.94;188.94
Is 22.mp3;00:04:39.59;279.59
Is 23.mp3;00:03:18.06;198.06
Is 24.mp3;00:03:47.19;227.19
Is 25.mp3;00:02:25.61;145.61
Is 26.mp3;00:03:44.81;224.81
Is 27.mp3;00:02:35.09;155.09
Is 28.mp3;00:05:51.66;351.66
Is 29.mp3;00:04:50.98;290.98
Is 2.mp3;00:03:35.69;215.69
Is 30.mp3;00:06:44.95;404.95
Is 31.mp3;00:02:14.92;134.92
Is 32.mp3;00:03:10.04;190.04
Is 33.mp3;00:04:21.12;261.12
Is 34.mp3;00:03:24.33;204.33
Is 35.mp3;00:02:01.86;121.86
Is 36.mp3;00:04:32.38;272.38
Is 37.mp3;00:07:29.96;449.96
Is 38.mp3;00:03:48.39;228.39
Is 39.mp3;00:01:50.21;110.21
Is 3.mp3;00:03:55.60;235.60
Is 40.mp3;00:05:16.53;316.53
Is 41.mp3;00:05:18.59;318.59
Is 42.mp3;00:04:35.70;275.70
Is 43.mp3;00:05:04.77;304.77
Is 44.mp3;00:06:29.67;389.67
Is 45.mp3;00:05:33.48;333.48
Is 46.mp3;00:02:38.67;158.67
Is 47.mp3;00:03:28.85;208.85
Is 48.mp3;00:04:25.82;265.82
Is 49.mp3;00:05:49.52;349.52
Is 4.mp3;00:01:12.70;72.70
Is 50.mp3;00:02:36.79;156.79
Is 51.mp3;00:05:16.34;316.34
Is 52.mp3;00:02:19.36;139.36
Is 53.mp3;00:03:01.00;181.00
Is 54.mp3;00:03:41.44;221.44
Is 55.mp3;00:02:55.44;175.44
Is 56.mp3;00:02:31.98;151.98
Is 57.mp3;00:04:16.89;256.89
Is 58.mp3;00:03:40.37;220.37
Is 59.mp3;00:04:25.64;265.64
Is 5.mp3;00:05:40.95;340.95
Is 60.mp3;00:04:35.15;275.15
Is 61.mp3;00:02:49.90;169.90
Is 62.mp3;00:02:30.88;150.88
Is 63.mp3;00:03:59.57;239.57
Is 64.mp3;00:02:16.57;136.57
Is 65.mp3;00:05:12.14;312.14
Is 66.mp3;00:05:46.28;346.28
Is 6.mp3;00:02:39.14;159.14
Is 7.mp3;00:04:24.36;264.36
Is 8.mp3;00:04:00.85;240.85
Is 9.mp3;00:04:07.01;247.01
Jd 1.mp3;00:04:27.26;267.26
Jl 1.mp3;00:03:47.34;227.34
Jl 2.mp3;00:06:21.26;381.26
Jl 3.mp3;00:03:41.05;221.05
Jn 1.mp3;00:03:13.41;193.41
Jn 2.mp3;00:01:31.77;91.77
Jn 3.mp3;00:01:35.74;95.74
Jn 4.mp3;00:02:07.87;127.87
Jo 10.mp3;00:05:36.77;336.77
Jó 10.mp3;00:02:34.04;154.04
Jo 11.mp3;00:07:46.55;466.55
Jó 11.mp3;00:02:18.06;138.06
Jo 12.mp3;00:07:28.05;448.05
Jó 12.mp3;00:02:43.03;163.03
Jo 13.mp3;00:05:52.65;352.65
Jó 13.mp3;00:02:50.24;170.24
Jo 14.mp3;00:04:39.20;279.20
Jó 14.mp3;00:02:44.49;164.49
Jo 15.mp3;00:04:05.24;245.24
Jó 15.mp3;00:03:38.54;218.54
Jo 16.mp3;00:04:57.20;297.20
Jó 16.mp3;00:02:33.00;153.00
Jo 17.mp3;00:03:46.04;226.04
Jó 17.mp3;00:01:53.11;113.11
Jo 18.mp3;00:06:33.04;393.04
Jó 18.mp3;00:02:05.91;125.91
Jo 19.mp3;00:07:32.34;452.34
Jó 19.mp3;00:02:59.20;179.20
Jo 1.mp3;00:07:20.14;440.14
Jó 1.mp3;00:03:59.60;239.60
Jo 20.mp3;00:04:57.14;297.14
Jó 20.mp3;00:03:08.58;188.58
Jo 21.mp3;00:04:47.24;287.24
Jó 21.mp3;00:03:31.04;211.04
Jó 22.mp3;00:03:06.49;186.49
Jó 23.mp3;00:01:46.06;106.06
Jó 24.mp3;00:03:03.17;183.17
Jó 25.mp3;00:00:39.34;39.34
Jó 26.mp3;00:01:32.63;92.63
Jó 27.mp3;00:02:22.16;142.16
Jó 28.mp3;00:02:55.36;175.36
Jó 29.mp3;00:02:31.59;151.59
Jo 2.mp3;00:03:50.14;230.14
Jó 2.mp3;00:02:25.68;145.68
Jó 30.mp3;00:03:15.71;195.71
Jó 31.mp3;00:04:11.82;251.82
Jó 32.mp3;00:02:31.85;151.85
Jó 33.mp3;00:03:27.70;207.70
Jó 34.mp3;00:04:01.58;241.58
Jó 35.mp3;00:01:44.96;104.96
Jó 36.mp3;00:03:33.81;213.81
Jó 37.mp3;00:02:33.63;153.63
Jó 38.mp3;00:04:10.07;250.07
Jó 39.mp3;00:03:12.00;192.00
Jo 3.mp3;00:05:18.15;318.15
Jó 3.mp3;00:02:48.49;168.49
Jó 40.mp3;00:02:25.42;145.42
Jó 41.mp3;00:03:17.64;197.64
Jó 42.mp3;00:02:50.71;170.71
Jo 4.mp3;00:07:56.13;476.13
Jó 4.mp3;00:02:24.77;144.77
Jo 5.mp3;00:06:35.15;395.15
Jó 5.mp3;00:03:01.97;181.97
Jo 6.mp3;00:09:31.64;571.64
Jó 6.mp3;00:03:27.57;207.57
Jo 7.mp3;00:07:07.68;427.68
Jó 7.mp3;00:02:32.19;152.19
Jo 8.mp3;00:08:42.68;522.68
Jó 8.mp3;00:02:24.61;144.61
Jo 9.mp3;00:05:55.68;355.68
Jó 9.mp3;00:03:42.17;222.17
Jr 10.mp3;00:04:37.58;277.58
Jr 11.mp3;00:04:48.08;288.08
Jr 12.mp3;00:03:35.04;215.04
Jr 13.mp3;00:05:12.53;312.53
Jr 14.mp3;00:04:55.00;295.00
Jr 15.mp3;00:04:41.47;281.47
Jr 16.mp3;00:04:25.22;265.22
Jr 17.mp3;00:05:56.39;356.39
Jr 18.mp3;00:04:32.64;272.64
Jr 19.mp3;00:03:27.12;207.12
Jr 1.mp3;00:03:23.31;203.31
Jr 20.mp3;00:03:55.96;235.96
Jr 21.mp3;00:03:13.75;193.75
Jr 22.mp3;00:06:10.00;370.00
Jr 23.mp3;00:08:15.88;495.88
Jr 24.mp3;00:02:16.62;136.62
Jr 25.mp3;00:07:13.66;433.66
Jr 26.mp3;00:05:00.12;300.12
Jr 27.mp3;00:04:46.30;286.30
Jr 28.mp3;00:03:22.14;202.14
Jr 29.mp3;00:06:38.03;398.03
Jr 2.mp3;00:07:13.27;433.27
Jr 30.mp3;00:04:37.42;277.42
Jr 31.mp3;00:08:26.17;506.17
Jr 32.mp3;00:08:56.27;536.27
Jr 33.mp3;00:05:28.02;328.02
Jr 34.mp3;00:04:57.98;297.98
Jr 35.mp3;00:04:17.57;257.57
Jr 36.mp3;00:06:37.30;397.30
Jr 37.mp3;00:04:04.77;244.77
Jr 38.mp3;00:05:57.25;357.25
Jr 39.mp3;00:03:38.49;218.49
Jr 3.mp3;00:05:39.20;339.20
Jr 40.mp3;00:04:32.77;272.77
Jr 41.mp3;00:03:53.43;233.43
Jr 42.mp3;00:04:24.80;264.80
Jr 43.mp3;00:02:34.28;154.28
Jr 44.mp3;00:07:23.30;443.30
Jr 45.mp3;00:01:00.34;60.34
Jr 46.mp3;00:05:38.57;338.57
Jr 47.mp3;00:01:31.82;91.82
Jr 48.mp3;00:07:52.19;472.19
Jr 49.mp3;00:08:05.20;485.20
Jr 4.mp3;00:06:16.82;376.82
Jr 50.mp3;00:09:35.92;575.92
Jr 51.mp3;00:12:12.92;732.92
Jr 52.mp3;00:06:26.82;386.82
Jr 5.mp3;00:06:03.62;363.62
Jr 6.mp3;00:06:09.92;369.92
Jr 7.mp3;00:06:44.61;404.61
Jr 8.mp3;00:04:53.72;293.72
Jr 9.mp3;00:05:24.21;324.21
Js 10.mp3;00:08:10.42;490.42
Js 11.mp3;00:04:09.97;249.97
Js 12.mp3;00:02:48.15;168.15
Js 13.mp3;00:05:35.83;335.83
Js 14.mp3;00:03:00.74;180.74
Js 15.mp3;00:06:52.50;412.50
Js 16.mp3;00:01:40.96;100.96
Js 17.mp3;00:04:03.20;243.20
Js 18.mp3;00:04:27.39;267.39
Js 19.mp3;00:06:03.44;363.44
Js 1.mp3;00:03:19.94;199.94
Js 20.mp3;00:01:44.49;104.49
Js 21.mp3;00:05:47.43;347.43
Js 22.mp3;00:07:00.13;420.13
Js 23.mp3;00:03:09.10;189.10
Js 24.mp3;00:06:22.54;382.54
Js 2.mp3;00:04:04.35;244.35
Js 3.mp3;00:02:54.11;174.11
Js 4.mp3;00:03:37.42;217.42
Js 5.mp3;00:02:54.73;174.73
Js 6.mp3;00:05:39.83;339.83
Js 7.mp3;00:05:46.28;346.28
Js 8.mp3;00:06:56.05;416.05
Js 9.mp3;00:04:58.37;298.37
Jz 10.mp3;00:02:51.86;171.86
Jz 11.mp3;00:06:34.45;394.45
Jz 12.mp3;00:02:42.74;162.74
Jz 13.mp3;00:04:25.67;265.67
Jz 14.mp3;00:04:04.27;244.27
Jz 15.mp3;00:03:50.53;230.53
Jz 16.mp3;00:07:00.73;420.73
Jz 17.mp3;00:02:14.19;134.19
Jz 18.mp3;00:05:52.34;352.34
Jz 19.mp3;00:05:47.90;347.90
Jz 1.mp3;00:05:51.50;351.50
Jz 20.mp3;00:07:57.65;477.65
Jz 21.mp3;00:03:53.61;233.61
Jz 2.mp3;00:04:05.55;245.55
Jz 3.mp3;00:05:00.67;300.67
Jz 4.mp3;00:04:16.81;256.81
Jz 5.mp3;00:05:01.27;301.27
Jz 6.mp3;00:07:19.48;439.48
Jz 7.mp3;00:05:27.34;327.34
Jz 8.mp3;00:06:03.44;363.44
Jz 9.mp3;00:08:51.07;531.07
Lc 10.mp3;00:06:56.31;416.31
Lc 11.mp3;00:09:01.91;541.91
Lc 12.mp3;00:09:14.50;554.50
Lc 13.mp3;00:05:44.01;344.01
Lc 14.mp3;00:05:34.05;334.05
Lc 15.mp3;00:04:58.61;298.61
Lc 16.mp3;00:05:33.64;333.64
Lc 17.mp3;00:05:23.32;323.32
Lc 18.mp3;00:06:25.10;385.10
Lc 19.mp3;00:06:59.13;419.13
Lc 1.mp3;00:10:32.45;632.45
Lc 20.mp3;00:06:50.15;410.15
Lc 21.mp3;00:05:21.41;321.41
Lc 22.mp3;00:09:51.15;591.15
Lc 23.mp3;00:08:03.76;483.76
Lc 24.mp3;00:07:03.21;423.21
Lc 2.mp3;00:07:19.80;439.80
Lc 3.mp3;00:05:49.65;349.65
Lc 4.mp3;00:06:39.15;399.15
Lc 5.mp3;00:06:34.95;394.95
Lc 6.mp3;00:08:25.13;505.13
Lc 7.mp3;00:08:07.65;487.65
Lc 8.mp3;00:09:45.56;585.56
Lc 9.mp3;00:10:11.27;611.27
Lm 1.mp3;00:05:34.34;334.34
Lm 2.mp3;00:05:51.19;351.19
Lm 3.mp3;00:06:05.95;365.95
Lm 4.mp3;00:04:05.71;245.71
Lm 5.mp3;00:02:24.77;144.77
Lv 10.mp3;00:03:52.15;232.15
Lv 11.mp3;00:05:41.16;341.16
Lv 12.mp3;00:01:31.85;91.85
Lv 13.mp3;00:09:18.16;558.16
Lv 14.mp3;00:08:11.47;491.47
Lv 15.mp3;00:04:31.83;271.83
Lv 16.mp3;00:05:47.64;347.64
Lv 17.mp3;00:02:34.04;154.04
Lv 18.mp3;00:03:48.65;228.65
Lv 19.mp3;00:05:07.33;307.33
Lv 1.mp3;00:02:31.90;151.90
Lv 20.mp3;00:04:29.14;269.14
Lv 21.mp3;00:03:18.35;198.35
Lv 22.mp3;00:04:55.89;295.89
Lv 23.mp3;00:06:46.18;406.18
Lv 24.mp3;00:03:08.73;188.73
Lv 25.mp3;00:08:12.83;492.83
Lv 26.mp3;00:06:47.12;407.12
Lv 27.mp3;00:04:52.96;292.96
Lv 2.mp3;00:02:30.99;150.99
Lv 3.mp3;00:02:28.40;148.40
Lv 4.mp3;00:05:15.56;315.56
Lv 5.mp3;00:03:42.59;222.59
Lv 6.mp3;00:04:46.20;286.20
Lv 7.mp3;00:05:36.38;336.38
Lv 8.mp3;00:05:24.91;324.91
Lv 9.mp3;00:03:32.35;212.35
Mc 10.mp3;00:08:31.27;511.27
Mc 11.mp3;00:05:10.02;310.02
Mc 12.mp3;00:07:26.67;446.67
Mc 13.mp3;00:05:30.32;330.32
Mc 14.mp3;00:11:35.22;695.22
Mc 15.mp3;00:06:35.18;395.18
Mc 16.mp3;00:03:11.24;191.24
Mc 1.mp3;00:06:14.13;374.13
Mc 2.mp3;00:04:42.07;282.07
Mc 3.mp3;00:05:00.67;300.67
Mc 4.mp3;00:06:23.14;383.14
Mc 5.mp3;00:06:45.79;405.79
Mc 6.mp3;00:08:44.33;524.33
Mc 7.mp3;00:05:59.68;359.68
Mc 8.mp3;00:05:53.96;353.96
Mc 9.mp3;00:07:34.40;454.40
Ml 1.mp3;00:03:43.06;223.06
Ml 2.mp3;00:04:01.82;241.82
Ml 3.mp3;00:03:55.99;235.99
Ml 4.mp3;00:01:14.92;74.92
Mq 1.mp3;00:03:19.39;199.39
Mq 2.mp3;00:02:38.12;158.12
Mq 3.mp3;00:02:17.77;137.77
Mq 4.mp3;00:03:07.77;187.77
Mq 5.mp3;00:02:49.33;169.33
Mq 6.mp3;00:03:01.42;181.42
Mq 7.mp3;00:03:59.02;239.02
Mt 10.mp3;00:06:08.30;368.30
Mt 11.mp3;00:04:42.75;282.75
Mt 12.mp3;00:07:37.38;457.38
Mt 13.mp3;00:09:21.14;561.14
Mt 14.mp3;00:05:12.19;312.19
Mt 15.mp3;00:05:38.16;338.16
Mt 16.mp3;00:04:38.15;278.15
Mt 17.mp3;00:04:38.70;278.70
Mt 18.mp3;00:05:36.43;336.43
Mt 19.mp3;00:04:52.39;292.39
Mt 1.mp3;00:03:24.41;204.41
Mt 20.mp3;00:05:11.20;311.20
Mt 21.mp3;00:07:43.49;463.49
Mt 22.mp3;00:06:11.41;371.41
Mt 23.mp3;00:06:18.49;378.49
Mt 24.mp3;00:06:51.12;411.12
Mt 25.mp3;00:06:40.98;400.98
Mt 26.mp3;00:11:58.21;718.21
Mt 27.mp3;00:10:00.66;600.66
Mt 28.mp3;00:03:12.76;192.76
Mt 2.mp3;00:03:57.43;237.43
Mt 3.mp3;00:02:45.12;165.12
Mt 4.mp3;00:03:44.81;224.81
Mt 5.mp3;00:07:29.49;449.49
Mt 6.mp3;00:05:59.39;359.39
Mt 7.mp3;00:04:18.06;258.06
Mt 8.mp3;00:05:17.13;317.13
Mt 9.mp3;00:05:39.67;339.67
Na 1.mp3;00:02:55.23;175.23
Na 2.mp3;00:02:29.86;149.86
Na 3.mp3;00:03:41.86;221.86
Ne 10.mp3;00:04:56.33;296.33
Ne 11.mp3;00:05:22.30;322.30
Ne 12.mp3;00:07:18.10;438.10
Ne 13.mp3;00:06:33.04;393.04
Ne 1.mp3;00:02:35.92;155.92
Ne 2.mp3;00:04:32.80;272.80
Ne 3.mp3;00:06:38.94;398.94
Ne 4.mp3;00:04:31.23;271.23
Ne 5.mp3;00:04:18.43;258.43
Ne 6.mp3;00:03:46.77;226.77
Ne 7.mp3;00:06:55.61;415.61
Ne 8.mp3;00:04:29.32;269.32
Ne 9.mp3;00:08:31.82;511.82
Nm 10.mp3;00:04:42.83;282.83
Nm 11.mp3;00:05:57.46;357.46
Nm 12.mp3;00:02:14.22;134.22
Nm 13.mp3;00:03:51.78;231.78
Nm 14.mp3;00:06:31.50;391.50
Nm 15.mp3;00:05:41.84;341.84
Nm 16.mp3;00:07:32.26;452.26
Nm 17.mp3;00:01:45.90;105.90
Nm 18.mp3;00:05:54.09;354.09
Nm 19.mp3;00:03:52.59;232.59
Nm 1.mp3;00:06:57.18;417.18
Nm 20.mp3;00:04:18.51;258.51
Nm 21.mp3;00:05:08.40;308.40
Nm 22.mp3;00:06:19.98;379.98
Nm 23.mp3;00:04:10.28;250.28
Nm 24.mp3;00:03:35.38;215.38
Nm 25.mp3;00:02:18.24;138.24
Nm 26.mp3;00:07:52.06;472.06
Nm 27.mp3;00:03:00.82;180.82
Nm 28.mp3;00:04:22.95;262.95
Nm 29.mp3;00:05:36.98;336.98
Nm 2.mp3;00:03:57.43;237.43
Nm 30.mp3;00:02:32.66;152.66
Nm 31.mp3;00:06:22.17;382.17
Nm 32.mp3;00:05:52.89;352.89
Nm 33.mp3;00:05:03.15;303.15
Nm 34.mp3;00:03:00.48;180.48
Nm 35.mp3;00:05:09.42;309.42
Nm 36.mp3;00:02:10.51;130.51
Nm 3.mp3;00:06:54.51;414.51
Nm 4.mp3;00:07:02.79;422.79
Nm 5.mp3;00:04:50.48;290.48
Nm 6.mp3;00:04:19.19;259.19
Nm 7.mp3;00:12:54.50;774.50
Nm 8.mp3;00:03:39.90;219.90
Nm 9.mp3;00:04:03.80;243.80
Ob 1.mp3;00:04:18.38;258.38
Os 10.mp3;00:03:18.87;198.87
Os 11.mp3;00:02:14.61;134.61
Os 12.mp3;00:02:18.37;138.37
Os 13.mp3;00:02:57.19;177.19
Os 14.mp3;00:01:47.65;107.65
Os 1.mp3;00:02:07.29;127.29
Os 2.mp3;00:04:01.32;241.32
Os 3.mp3;00:01:07.03;67.03
Os 4.mp3;00:03:37.60;217.60
Os 5.mp3;00:02:45.12;165.12
Os 6.mp3;00:01:56.40;116.40
Os 7.mp3;00:02:52.23;172.23
Os 8.mp3;00:02:20.33;140.33
Os 9.mp3;00:03:25.56;205.56
Pv 10.mp3;00:03:45.15;225.15
Pv 11.mp3;00:03:50.82;230.82
Pv 12.mp3;00:03:27.02;207.02
Pv 13.mp3;00:03:06.96;186.96
Pv 14.mp3;00:04:15.95;255.95
Pv 15.mp3;00:03:58.42;238.42
Pv 16.mp3;00:03:41.13;221.13
Pv 17.mp3;00:03:33.29;213.29
Pv 18.mp3;00:02:51.00;171.00
Pv 19.mp3;00:03:22.53;202.53
Pv 1.mp3;00:04:10.70;250.70
Pv 20.mp3;00:03:35.80;215.80
Pv 21.mp3;00:03:32.01;212.01
Pv 22.mp3;00:03:25.53;205.53
Pv 23.mp3;00:04:06.05;246.05
Pv 24.mp3;00:04:07.82;247.82
Pv 25.mp3;00:03:40.50;220.50
Pv 26.mp3;00:03:27.99;207.99
Pv 27.mp3;00:03:32.43;212.43
Pv 28.mp3;00:03:40.29;220.29
Pv 29.mp3;00:03:10.93;190.93
Pv 2.mp3;00:02:22.68;142.68
Pv 30.mp3;00:04:16.81;256.81
Pv 31.mp3;00:03:22.37;202.37
Pv 3.mp3;00:03:43.01;223.01
Pv 4.mp3;00:03:08.84;188.84
Pv 5.mp3;00:02:34.25;154.25
Pv 6.mp3;00:03:59.10;239.10
Pv 7.mp3;00:02:54.08;174.08
Pv 8.mp3;00:03:57.90;237.90
Pv 9.mp3;00:02:02.88;122.88
Rm 10.mp3;00:03:26.81;206.81
Rm 11.mp3;00:06:20.24;380.24
Rm 12.mp3;00:03:38.38;218.38
Rm 13.mp3;00:02:59.67;179.67
Rm 14.mp3;00:04:02.60;242.60
Rm 15.mp3;00:05:54.14;354.14
Rm 16.mp3;00:04:30.55;270.55
Rm 1.mp3;00:06:04.33;364.33
Rm 2.mp3;00:04:40.40;280.40
Rm 3.mp3;00:04:29.58;269.58
Rm 4.mp3;00:04:16.44;256.44
Rm 5.mp3;00:04:13.02;253.02
Rm 6.mp3;00:03:50.71;230.71
Rm 7.mp3;00:04:27.91;267.91
Rm 8.mp3;00:06:50.41;410.41
Rm 9.mp3;00:05:26.40;326.40
Rt 1.mp3;00:04:17.44;257.44
Rt 2.mp3;00:04:58.97;298.97
Rt 3.mp3;00:03:31.10;211.10
Rt 4.mp3;00:04:28.33;268.33
Sf 1.mp3;00:03:40.68;220.68
Sf 2.mp3;00:03:18.82;198.82
Sf 3.mp3;00:04:11.09;251.09
Sl 100.mp3;00:00:43.73;43.73
Sl 101.mp3;00:01:06.56;66.56
Sl 102.mp3;00:03:21.90;201.90
Sl 103.mp3;00:02:31.04;151.04
Sl 104.mp3;00:04:08.40;248.40
Sl 105.mp3;00:04:36.22;276.22
Sl 106.mp3;00:05:26.35;326.35
Sl 107.mp3;00:04:18.53;258.53
Sl 108.mp3;00:01:34.98;94.98
Sl 109.mp3;00:03:34.57;214.57
Sl 10.mp3;00:02:20.07;140.07
Sl 110.mp3;00:01:01.52;61.52
Sl 111.mp3;00:01:15.73;75.73
Sl 112.mp3;00:01:15.13;75.13
Sl 113.mp3;00:00:55.82;55.82
Sl 114.mp3;00:00:51.02;51.02
Sl 115.mp3;00:01:56.35;116.35
Sl 116.mp3;00:01:55.12;115.12
Sl 117.mp3;00:00:18.94;18.94
Sl 118.mp3;00:03:01.29;181.29
Sl 119.mp3;00:17:53.29;1073.29
Sl 11.mp3;00:01:02.96;62.96
Sl 120.mp3;00:00:44.46;44.46
Sl 121.mp3;00:00:50.52;50.52
Sl 122.mp3;00:00:56.53;56.53
Sl 123.mp3;00:00:42.53;42.53
Sl 124.mp3;00:00:50.86;50.86
Sl 125.mp3;00:00:46.00;46.00
Sl 126.mp3;00:00:48.30;48.30
Sl 127.mp3;00:00:47.70;47.70
Sl 128.mp3;00:00:41.40;41.40
Sl 129.mp3;00:00:51.33;51.33
Sl 12.mp3;00:01:09.33;69.33
Sl 130.mp3;00:00:52.90;52.90
Sl 131.mp3;00:00:36.31;36.31
Sl 132.mp3;00:02:05.52;125.52
Sl 133.mp3;00:00:32.52;32.52
Sl 134.mp3;00:00:27.43;27.43
Sl 135.mp3;00:02:19.83;139.83
Sl 136.mp3;00:02:21.35;141.35
Sl 137.mp3;00:01:11.50;71.50
Sl 138.mp3;00:01:10.24;70.24
Sl 139.mp3;00:02:53.69;173.69
Sl 13.mp3;00:00:52.45;52.45
Sl 140.mp3;00:01:36.57;96.57
Sl 141.mp3;00:01:26.65;86.65
Sl 142.mp3;00:01:10.14;70.14
Sl 143.mp3;00:01:38.51;98.51
Sl 144.mp3;00:02:09.15;129.15
Sl 145.mp3;00:02:30.91;150.91
Sl 146.mp3;00:01:18.13;78.13
Sl 147.mp3;00:02:11.21;131.21
Sl 148.mp3;00:01:38.66;98.66
Sl 149.mp3;00:01:03.66;63.66
Sl 14.mp3;00:01:06.43;66.43
Sl 150.mp3;00:00:39.63;39.63
Sl 15.mp3;00:00:46.29;46.29
Sl 16.mp3;00:01:29.44;89.44
Sl 17.mp3;00:02:05.20;125.20
Sl 18.mp3;00:05:52.81;352.81
Sl 19.mp3;00:01:59.09;119.09
Sl 1.mp3;00:00:49.92;49.92
Sl 20.mp3;00:01:09.33;69.33
Sl 21.mp3;00:01:34.33;94.33
Sl 22.mp3;00:03:58.89;238.89
Sl 23.mp3;00:00:55.38;55.38
Sl 24.mp3;00:01:16.25;76.25
Sl 25.mp3;00:02:34.67;154.67
Sl 26.mp3;00:01:16.54;76.54
Sl 27.mp3;00:02:23.60;143.60
Sl 28.mp3;00:01:28.01;88.01
Sl 29.mp3;00:01:21.32;81.32
Sl 2.mp3;00:01:26.70;86.70
Sl 30.mp3;00:01:42.35;102.35
Sl 31.mp3;00:03:26.63;206.63
Sl 32.mp3;00:01:42.69;102.69
Sl 33.mp3;00:02:24.82;144.82
Sl 34.mp3;00:02:34.49;154.49
Sl 35.mp3;00:03:52.15;232.15
Sl 36.mp3;00:01:37.96;97.96
Sl 37.mp3;00:04:37.76;277.76
Sl 38.mp3;00:02:21.30;141.30
Sl 39.mp3;00:02:01.00;121.00
Sl 3.mp3;00:00:55.82;55.82
Sl 40.mp3;00:02:46.95;166.95
Sl 41.mp3;00:01:42.64;102.64
Sl 42.mp3;00:02:13.07;133.07
Sl 43.mp3;00:00:58.15;58.15
Sl 44.mp3;00:03:25.19;205.19
Sl 45.mp3;00:02:36.29;156.29
Sl 46.mp3;00:01:31.59;91.59
Sl 47.mp3;00:01:10.74;70.74
Sl 48.mp3;00:01:43.26;103.26
Sl 49.mp3;00:02:31.98;151.98
Sl 4.mp3;00:01:12.49;72.49
Sl 50.mp3;00:02:53.45;173.45
Sl 51.mp3;00:02:34.10;154.10
Sl 52.mp3;00:01:20.51;80.51
Sl 53.mp3;00:01:09.72;69.72
Sl 54.mp3;00:01:01.10;61.10
Sl 55.mp3;00:03:05.73;185.73
Sl 56.mp3;00:01:53.50;113.50
Sl 57.mp3;00:01:48.54;108.54
Sl 58.mp3;00:01:37.96;97.96
Sl 59.mp3;00:02:41.12;161.12
Sl 5.mp3;00:01:44.96;104.96
Sl 60.mp3;00:01:48.33;108.33
Sl 61.mp3;00:01:02.72;62.72
Sl 62.mp3;00:01:51.41;111.41
Sl 63.mp3;00:01:26.70;86.70
Sl 64.mp3;00:01:20.01;80.01
Sl 65.mp3;00:01:52.17;112.17
Sl 66.mp3;00:02:25.32;145.32
Sl 67.mp3;00:00:55.09;55.09
Sl 68.mp3;00:04:56.07;296.07
Sl 69.mp3;00:04:32.98;272.98
Sl 6.mp3;00:01:15.60;75.60
Sl 70.mp3;00:00:46.08;46.08
Sl 71.mp3;00:03:14.04;194.04
Sl 72.mp3;00:02:32.66;152.66
Sl 73.mp3;00:03:04.66;184.66
Sl 74.mp3;00:03:01.50;181.50
Sl 75.mp3;00:01:20.30;80.30
Sl 76.mp3;00:01:35.35;95.35
Sl 77.mp3;00:02:23.60;143.60
Sl 78.mp3;00:08:20.22;500.22
Sl 79.mp3;00:01:59.30;119.30
Sl 7.mp3;00:02:09.93;129.93
Sl 80.mp3;00:02:28.09;148.09
Sl 81.mp3;00:02:04.94;124.94
Sl 82.mp3;00:01:01.36;61.36
Sl 83.mp3;00:01:59.98;119.98
Sl 84.mp3;00:01:46.06;106.06
Sl 85.mp3;00:01:30.51;90.51
Sl 86.mp3;00:02:07.50;127.50
Sl 87.mp3;00:00:53.16;53.16
Sl 88.mp3;00:02:12.39;132.39
Sl 89.mp3;00:05:34.81;334.81
Sl 8.mp3;00:01:17.43;77.43
Sl 90.mp3;00:02:19.13;139.13
Sl 91.mp3;00:01:48.07;108.07
Sl 92.mp3;00:01:46.81;106.81
Sl 93.mp3;00:00:49.76;49.76
Sl 94.mp3;00:02:34.75;154.75
Sl 95.mp3;00:01:25.16;85.16
Sl 96.mp3;00:01:44.15;104.15
Sl 97.mp3;00:01:27.14;87.14
Sl 98.mp3;00:01:13.30;73.30
Sl 99.mp3;00:01:22.05;82.05
Sl 9.mp3;00:02:27.28;147.28
Tg 1.mp3;00:03:33.45;213.45
Tg 2.mp3;00:03:27.75;207.75
Tg 3.mp3;00:02:44.60;164.60
Tg 4.mp3;00:02:27.33;147.33
Tg 5.mp3;00:03:08.79;188.79
Tt 1.mp3;00:02:33.26;153.26
Tt 2.mp3;00:02:06.85;126.85
Tt 3.mp3;00:02:20.33;140.33
Zc 10.mp3;00:02:27.15;147.15
Zc 11.mp3;00:03:15.84;195.84
Zc 12.mp3;00:02:47.89;167.89
Zc 13.mp3;00:01:57.05;117.05
Zc 14.mp3;00:04:34.52;274.52
Zc 1.mp3;00:04:13.10;253.10
Zc 2.mp3;00:02:01.08;121.08
Zc 3.mp3;00:02:00.97;120.97
Zc 4.mp3;00:02:09.02;129.02
Zc 5.mp3;00:01:51.57;111.57
Zc 6.mp3;00:02:25.06;145.06
Zc 7.mp3;00:02:20.67;140.67
Zc 8.mp3;00:04:18.22;258.22
Zc 9.mp3;00:03:26.76;206.76
Duração total de todos áudios em minutos: 301550
Duração total de todos áudios em horas: 83
